1	865602	998906	GAACTC	TTCTTCTG
1	871246	1057892	G	GGCAGCCTGGAGATTGGCCT
1	874778	1164669	G	GCCTCCCCAGCCACGGTGAGGACCCACCCTGGCATGATCCCCCTCATCA
1	874778	1108252	G	GCCTCCCCAGCCACGGTGAGGACCCACCCTGGCATGATCCCCCTCATCACCTCCCCAGCCACGGTGAGGACCCACCCTGGCATGATCCCCCTCATCA
1	874816	1080214	C	CCCCCTCATCACCTCCCCAGCCACGGTGAGGACCCACCCTGGCATGATCT
1	877803	838425	G	GC
1	878077	966631	C	CCACGG
1	878104	1008008	G	GC
1	878761	1165225	A	AG
1	879154	1060978	T	TGAAGCTGGGGCC
1	879423	1043119	T	TCCCCCTATGGAGGGGGCCACGC
1	879504	1024032	G	GC
1	948846	1185392	T	TA
1	949696	161455	C	CG
1	949822	1020899	G	GC
1	949839	1038082	A	AGCCCGT
1	955446	1215081	C	CCCGCCCG
1	955584	574825	G	GGCCGCTGCT
1	976074	1072755	G	GC
1	976097	666960	G	GGGGCC
1	976199	970311	G	GC
1	976939	654968	G	GGCCC
1	977516	243038	T	TC
1	981860	956674	G	GC
1	981946	1040948	T	TGCCAGCGTCCCCAGGACCACC
1	983612	1071394	G	GGCCCCCC
1	984445	784844	C	CGGGGA
1	984491	1296093	C	CG
1	985653	1177400	C	CA
1	986689	503670	C	CT
1	986706	849091	G	GTGC
1	986755	764122	T	TG
1	990210	947076	T	TGCCGGAGCTGCCCGTGGGCCC
1	1167669	426491	T	TGCGGCGGGCGTG
1	1167669	450224	T	TGCGGCGGGCGTGGCG
1	1167669	1014686	T	TGCGGCGGGCGTGGCGGCGGCGGGCGTGGCG
1	1168012	421834	C	CCTG
1	1168239	427130	C	CG
1	1168315	1303656	G	GCT
1	1168334	1012718	C	CACTACCTGCGCCTCAGCCGCG
1	1271641	1053244	G	GC
1	1273379	488045	G	GCTGCC
1	1273387	931630	T	TGC
1	1273909	373812	G	GGCATTGGC
1	1276126	1259478	G	GCA
1	1276973	1185328	G	GACAC
1	1371178	830327	T	TGGCGCGGAGC
1	1371325	1264926	C	CCGGGCGGGGGCG
1	1374842	1318173	T	TCGTC
1	1459703	992489	C	CG
1	1475888	1295593	C	CG
1	1475888	1248049	C	CGG
1	1550844	791768	C	CG
1	1724503	1278310	C	CA
1	1736026	739491	G	GA
1	1959689	1063927	A	AC
1	1959740	1119321	T	TGCCCGCCGCCCCTTCCGCGCGC
1	1959740	1143601	T	TGCCCGCCGCCCCTTCCGCGCGCGCCCGCCGCCCCTTCCGCGCGC
1	2160179	508459	G	GAGCGGC
1	2160210	1009228	A	AGGC
1	2160217	545922	G	GGCAGGCGGCC
1	2160394	409976	G	GGTGCCC
1	2160444	264471	A	AGCC
1	2160640	440270	G	GCCT
1	2160640	504002	G	GCTC
1	2161156	1319166	C	CA
1	2235415	978895	A	AC
1	2236020	1302104	A	AC
1	2238202	1044180	T	TAGATTCCGTGC
1	2336460	296257	G	GC
1	2337967	197886	G	GC
1	2337977	558664	C	CGTG
1	2338230	6774	C	CT
1	2338270	950664	A	AC
1	2338277	500334	G	GCAGCCT
1	2338337	1070795	G	GT
1	2338359	550051	CA	GAG
1	2340199	951635	G	GCGTCACCAGCA
1	2343913	940956	T	TC
1	2344063	1193281	G	GGGCGGGGCCGGACTGGGGCTGGA
1	2430086	769500	G	GGTGGGGGCC
1	2986108	1193752	T	TC
1	3319335	1254435	C	CCTCGTT
1	3319601	1235786	A	ACCCTCCTCTGAGTCTTCCTCCCCTTCCCGTG
1	3322069	938756	A	AC
1	3322080	857345	C	CT
1	3328329	280120	A	AC
1	3329270	861551	G	GAGGGGCTGCCCC
1	3329281	666913	C	CCAGGTG
1	3329352	986273	A	AC
1	3334227	1254141	G	GA
1	3334505	229166	A	ACC
1	3347514	413868	G	GGAC
1	3731654	1181337	C	CT
1	3743433	1275505	T	TG
1	3743553	1287841	C	CA
1	3751645	221275	G	GA
1	3751728	1279278	G	GT
1	3753032	1182835	G	GT
1	3753032	1243081	G	GTT
1	3753032	1291646	G	GTTT
1	3761273	1265905	G	GA
1	3763827	1201087	C	CTGGGCACTAGGCCAGTTCGTGG
1	3765095	1235430	C	CA
1	3765095	1181492	C	CAAAAA
1	3765424	1197410	G	GT
1	3768990	1189142	T	TTA
1	5934967	988263	G	GT
1	5935033	496917	T	TGGAGC
1	5935069	1072607	A	AG
1	5935394	1257709	G	GT
1	5940177	1297092	T	TTGAGCTTCCA
1	5947386	867139	C	CG
1	5964740	595374	G	GCTGGCCGGC
1	5987727	503803	GTT	CCACG
1	5987783	632113	T	TC
1	5993359	562343	C	CGG
1	5993384	829827	A	AGG
1	6007199	1069885	A	ACT
1	6007239	929940	C	CAT
1	6012819	829848	A	AG
1	6038475	1100945	T	TAGGAGACA
1	6184728	785927	T	TGG
1	6214852	995776	A	AG
1	6484767	1237165	T	TGCGGG
1	6484767	1197299	T	TGCGGGGCGGGGCGGG
1	6500068	1183461	C	CA
1	6500590	1259520	C	CG
1	6500626	1231116	C	CG
1	6508991	4424	C	CG
1	6509036	1219107	A	ACCG
1	6526641	297917	T	TG
1	6528518	284266	G	GC
1	6529182	297949	T	TTCC
1	6529182	297950	T	TTCCTCC
1	6529188	1146824	C	CCTCCTCCTCCTCCTCCTCTTCCTCCTCCTGCTCA
1	6529188	506401	C	CTCCTCCTCCTCCTCCTCCTCTTCCTCCTCCTGCTCA
1	6529194	468902	C	CTCT
1	6529197	517681	C	CTCCTCCTCCTCT
1	6530417	536787	T	TGGGGACGGATGGCGTGAACGTAGGG
1	6530965	670557	C	CG
1	6531682	963691	G	GGC
1	6533111	60778	C	CGTCTTCA
1	6536010	565732	T	TCTCCTC
1	6536010	978542	T	TCTCCTCCTC
1	6537812	673060	C	CTGCTCCGACCTGGGCCAGCTCTCCCTAATGGA
1	6546037	1228450	A	AC
1	6546037	1252996	A	ACC
1	6700131	402790	C	CA
1	7309581	1306755	CAGG	GAGTATCATTTAC
1	7723489	421507	A	ACG
1	7723737	418106	T	TG
1	7724058	984639	A	AC
1	7798409	973263	CTT	GTGCTGC
1	7886579	1098359	A	AC
1	7980985	1165231	T	TA
1	8021910	487088	G	GGTGCTGGACGGTGTCCCT
1	8022800	1182033	C	CT
1	8022932	804432	T	TG
1	8025396	573287	G	GT
1	8025475	623671	C	CA
1	8029466	675657	T	TA
1	8029509	1248894	G	GA
1	8029543	1300812	T	TC
1	8418276	418456	T	TGGTGGA
1	8418640	1035237	G	GCTCCCGCTCTCGGATCTCCCGCTCTCGGAT
1	8419854	710835	T	TCGCTCC
1	8419868	591204	G	GCTCCCGCTCCCGCTCCTT
1	8419868	777879	G	GCTCCTT
1	8420317	633541	A	AC
1	8420527	562387	G	GC
1	8421106	771839	A	AGGGATGCGGCGG
1	8421111	985705	T	TGCG
1	8421295	451536	T	TCC
1	8421296	236219	C	CCCTGGAGGAGCTGAGGAGGGAG
1	8716108	562003	C	CT
1	8716283	856683	T	TTC
1	8716291	591115	C	CTCTCGGTCCCGG
1	8716306	377359	T	TCGGTCC
1	9324412	16130	C	CACAGGTGGTTGACCTGTGGCCGGGTCTGA
1	9784487	1137996	T	TG
1	10036306	1050789	C	CTGCACTCCAGCCTGGGTGACAGAGCGAGACTCCATCTCAAAAAAAAAAAAAAAAAAAGATGTTTGCTTGCTTGCTACTATGTGATACCACTGTTAGAAAATAGAGGAAGCCTGCCTGGGCTTTCTGTGCCCCAAATGAGAAAGGGAAAATTGCAAGAAGATGTTATTATCATCAGTCTTCCTAAGTATAAAAGAGACAGGCAGATAATTTAAGGAAGAGAAGCATCCAGTGCTGCTTGATCATGGACAGGCCTGATTCGTGTGCTGCTTCCATGACAGCATCTGGGCAGGGAGTCACAGATCTCTGTGCCCATACCTTTGAAGCAGTTCTAGTTAAGGGTTCAAAAACCAGAGTAAGTGACATCTAATTATTTCTCTTTTTTTTTTTTCTTTTTGAGACGGAGTCTCGCTCTGTCACCCAGGCTGGAGTGCAGTGGTGCATTCTCGGCTCACTGCGACCTCTGCCTCCTGGGTTCAAGCAATTCTCCTGCCTCAGCCTCCCAAGTAGCTGGGACTACAGGTGACTGCCACCACGCCCCGCTAATGTTTTTGTATTTTTAGTAGAGATGGGGTTCTACCTTGTTGGCCAGGCTGGTCTTGAACTTCTGACCTCAGGTGATCCACCTGTCTCAGCCTCCCAACACCTAATTATTTCTTTTCTTTTCTTTTTTTTTTTGAGATAGAGGTTCACTCTTGTTGCCCAAGCTGGAGTGCAATGGCATGATCTTGGCTCACTGCAACCTCTGCCTCCCGGGTTCAAGCCGTTCCCCTGCCTCAGCCTCCCAAGTAGCTGGGATTACAGGCGCCTGCCACCACGCCCGGCTAATTTTTGTATTTTTAGTAGAGCTGGGGTTTCACCCTGTTGGCCAGGCTGGTCTTGAACTCCTGACCTCAGGTGATCTGCCCATCTCGGGCCTCCCAAAGTGCGGGGATTACAGAGGTGAGCCACCGCACCTGGCTGACACCTAATTATCTCTTAATGTTATTTTGATTTTTTTAAACTTTATTTTCTTTTTTTTGTTGGAGATGGGGCCTCGCTATGTTGCCTATGCTGACTGATCTCAAACTCCTGGCCTCAAGCAATCCTCCCACCTAGGCCTCCCAAAGTGCTGGGATTACAAATGTGAGCTACCATGCCTGGCCTGTTGTTATCTTGAGTTTAAAATGAAAGGGCTTTCTGAAAAGCCTTTCTGTTTAGTATCTGTTCTTAGAGTTCTGAACTTTCCAGTGACTGACTGTATCATTTAGGGTTCAGACTAGGAAATAGAAACCCACTCTGGATATTTTAAGTGGAAAGAGATTTAAGTACTTAGGCAAAAAGTACTTAAAAGAGCTGAGGCCGGGCGTGGTAGCTCATGACTATAATCCCAGCACTTTGGGAGGCTGAGGCCGGCAGATCACCTGAGTCCAGTAGTTCAAGACAAGCCTGGCCAACATGGTGAAACCCTGTCTCTACTAAAAATACAAAATTAGCTGGGCCCATACCTGTAATCCCAGCTACTAGGGAGGCTGAGGCAGGAGAATTGCCTGAGCCTGGGAGGCAGAGGTTACGGTGAACTGAAATTGTGCCACTGCACTCCAGCCTGGGCAGCAGAATGAGACTGTCTCAAAAAACAACAACAAAAAAAAGTAAAAGGGCTGGAGAAGTGGAAGTCAGGGTCACTCCTCCGATGTTGCCGTCAGAGTTCAACAAACCAATTCCGCTTCTGCTGCTATTGAACTGTCTCAGTCTCCTGAAGTTGGTGACGGACAGTGGACTCCAGCGTCTAGCCACCACACCCACACTAGAAAGGATTACTGGCTATAAATAGCGCAATAATAGGATCAGGCCGGGCATGGTGGCTCACACCTGTAATCCCAGCACTTTGGGAGGCCGAGGTGGGTGGATCACCTGAGGTCAGGAGATCGAGACCACCCTGGCCAACATGGCAAACCCCGTCTCTACTAAAAATACAAAAATTAGCCAGGCGTGGTGGCACATGCCTATAGTCCCAGCTACTTGGGAGGCTGAGGTGGGAGAATCCCTTGAACCCGGGAGGTGGAGGTTGCAGTGAGCCGAGATTGCGCCACTGCACTCCAGCCTGGGTGACAGAGTGAGACTCCGTCTCAAAAAAAAAGATTACTTGTCAGGCTCCACAGTCCCAGGATGATGGCCTCTGTCCTCCTTCTGCCTTCCAAATCTCTCAGGAGAGAATCTCATTAGCAGAAATCGCAGTCAAGTCCACAGCCTGCTGCAAGGACCTCTGGGAAGTGTGTTGGGCAGGATTGGGCACTGAGTCAGTAGGAAGTATCTCACACAGTGATCTCTCAAGAGGACTTCCTTTTCAGACTTGGCAGGGAGAAGAGTCTCCACTGCTTGATGGCAAAAAATTCTCCCATGAGGGAGCAAGTTCCTGGGCCACAGCCCTACCCGACCCTCTGGCTTTATAGTAACCTTATTGCCCATTAAATAGTCAACTCAGCTGCTCAGAAGGGTTGGGATGTAGGGGAATAAAGGCCCACAGTTGGATCCCACAAGTGTAGTTGATGTTATTTGGGTAACATTGCACAGTTTGAAAACAGTGGGCACCCTGCTGCCAGCCCAGAATAGAGCTATACACAAATCCTGCTTAGGGCCCCTTCCTTTAAGGCCTCAGGCCCTTGCCGCTCTAGGACCTTCTCCTTGGCGTTCTGGTTCTTTGTCACAAGATTAAGCCACACTCTTCCATGGTCAAGAGTGTGGGCTCTGGACCAGACTGCTGGGGTTCAAGTCCTGGCTCTGCTATTAATACTTTTAAGTTAAATGACCTTAGGCAAATTAGTCAGTGTCCTCTGTCAATGGGGTAATAAACAATTCTGATATGAGAGATGAGCAGCACATTAAAACCAGAAGTATTTTCAGTGAAACTAGCTGCAAGGTGGCAGTAATATAGTCGCTTTGTAATAACCAAAATGTTCAGGCTGATCATGGTGGCTCACATCTATAGTCCCAGCACTTTGGGAGTCTGAGGCAGGAGGATTGCTTGAGGCCAGGAGTTCAAGACCAGTGTGGGCAACATAGTGAGACCTCATCTCTCCAAAAAACTAAAGTTAGCTGAACATGGTGGCACGTGCCTGTAGTCGCAGCTATCTGGGAGGCTGAGGCGGTAGGATCACTTGAGCCCAGGAGTTTTGGTTGCAGCGAGCTATGATTGTGCCACTGTGCTCCATCCTGGGCAATAGAGTGAGCCTGTGTCTCTGAAAAACAAACCAAAAAAACCCCAAAACATTCACTCAATCAAATTGTTATTGAGGCTGGGCGCAGTGGCTCACGCCTGTAATCCCAGCACTTTGGGAGGCCTAGGCGGGCAGATCACAAGGTCAGGAGATCGAGACCATCCTGGCTAACATGGTGAAACCCTGTCTCTACTAAAAATACAGAAAAAATTAGCCGGGCGTGGTGGTGGGCGCCTGTAGTCCCAGCTACTCGGGAGGCTGAAGCAGGAGAATGGCGTGAACCTAGGAGACGGAGGTTGCAGTGAGCTGAGATCGTGCCACTGCACTCCAGCCTGGGCGACAGAGTGAGACTCCATCTCAAAAAAAAAAAAAAAAATTGTTATTGAATGCCTCCTCATAGACTCTGCTAGGAGCTGGAGTAGCAACTGTAAGCCTCCTTTCTCCTTCCCTTACGGAGATAATAATATTTATGATATAGGATGTTGAGAAGATTTTTTTTTTCTTTTGAGGCGGAGTTTTGCTCTTGTTGCCCAGGCTGGAGTGCAATAGCGCAATCATGGCTCACTGCAACCTCCACCTCCTGGGTTCAAGCGATTCTCCTGCCTCAGCCTCCCGAGTAGCTGGGATTATAGGCATGTGCCACCACACCCGGCTAATTTTCTATTTTTAGCAGAGACAGGGTTTCTCCATGTTGGTCAGGCTGTGTCTCGAACTCCTGACCTCAGGTGATCCACCCGCCTTGGCCTCCCAAAGTGCTGGGATTACAGGTGTGAGCCACCACGCCCAGTCGAGAAGATTTTTAATTTTTTTTAGTCTTCCACAACAGTCATCTTATGTTGAGAAGACTTAATCAGATAATCCATGTAAAGGATTCAGTGTAATGTGTGGCATATGATAAATAATGTTGGCCAGGCACCTATAATCCCAGCACTTTGGGAGGCTGAGGCGGGCAGATCGCTTGAGGTCAGAAGTTCAAGACCAGCCTGGCCAACATGATGAAACCCCGTCACTACTAAAAATACAAAAAAAAATTGGCTGAGCGTGGTGGTGCGCCCCTGTAATCCCAGCTGCTCGGGAGGCTGAGGCAAGAGAATTGTTTGAACCCAGGAGCCAGAGGTTACAGTGAGCTGAGATCACACACTGCACTCAGCCTGGGCGTCAGAGCAAGACACCATCTCAAAATAATAAATAAATAAATAATGTTAATGATATTCTTTTTTTTTTCTTTTTTTGAGATGGAGTCTCACTCTGTCGCCCAGGTTGGAGTGCAGTGGTGCGGTCTTGGCTCACTGCAACCTCTGCCTCCCAGGTTCAAGTGATTCTCCTGCCTCAGCCTCCCGAGTAGCTGGGATTACAGGTGCCCGCCACCACACCCGGCTAATTTTTTGTATTTTTAGTAGAGACGGGGTTTCACCGTGTTAGCCAGGATGGTCTCGATCTTCTGACCTCGTGATCCGCCCACCTCGGCCTCCCAAAGTGCTGGGATTACAGGTGTGAGCCACTGTGCCCAGCTATAAATAATGTTAATGATATATTCTAATGGAGCATGTGAGAAAGAGAAATATTCTATTGTTTTGTTGTTTTATAGACACCATCAAGAGAAATTGGAGGCTAGTGACTGTGATCACCAGCAGAACTCACCTACTCTAGAAAGGCCTGGAAGGAAGAGGAAGTGGACTGAAACACAAGATTCTAGTCAAAAGAAATCCCTAGAGCCAAAAACAAAAGGTTTGTATGTTTTAGCAGGACCCACGGACTAGAGTTGATAAGATTCTGTAGCTGAGCAAACCCCTGTGTATTTTTTTTTTTTTAGATGGAGTCTCGCTCTATCACCCAGGCTGGAGTGCAGTGGCATGATCTCAGCTCACTGCAAGCTCTGCCTCCTGGGTTCATGCCATTCTCCTGCCTCAGCCTCCTGAGCAGCTGGGACTACAGGTGCCTGCCACCACGCCTGTCTAATTTGTTTGTATTTTTAGTAGAGACGGGGTTGCACCATGTTAGCCAGGATGGTCTTGATCTCCTGACCTCATGATCCGCCCACCTCGGCCTCCCAAAGTGCTGGGATTACAGGCGTGAGCCACAGCGCCTGGGCCTTATTTTTTTTGTTTTATAGAGATGGGGTCTCACTATTTTGGCCAGGTTGGTCTTGAACTCCTGGCCCCAAGCAGTCCTCCTGCCTTGGCCTCCCAAAGTGTTAGGATTACAGGTGTCAGCCACTATGCCTGGCCTTTATTTTCATTTTATATTGCATACTTGTGGGTGTCTGGAAAATGCCCCTTGTTAGTTGCATGAAGTGAAGGAGAATAAAAGGCACTTGGAGCTTATTTCTCCTGCAGTGGTCTCTAATCTTTGAGGTGTCCTGGGTCTCTTTTGGGAATCTGATTCTCATAAAATAAAAGCTCATAAAAACTGTGAACTGTCATTCTTTTTTTTTTTTTGAGACAGAGTTTTGCTCTTGTTGCCCAGGCTGGAGTGCGATGGCACAATCTCGGCTTACTGCAACCTCTGCCTCCCGAGTTCAAGTGATTCTCCTGCCTCAGCCTCTCAAGTATCTGGGGTTACAGGCGTGCGCCACCACACCCGGCTAATTTTGTATTTTTAGTAGAAACGGTATTTCACCATGTTGGTCAGGCTGGTCTCAAACTCCTGACCTCAAGTGATCTACCCGCCTCGGCCTCCCAGAGTGCTGGGATTACAGGCTAGAGCCACCGCACTCGGCCTAAGCCCTCATCCTTGAAAAGCACATACGTATCTTCATTTTGATACAGTGGGTTATTAGAAAAGTAAACCCCTTTCCACTTGGAGGAGGTAGAGGGGAAGAAAAAGCATACCCCAAAGCTCTGTTTTATTCTTCCCAGCTGTGCCAAAGGTCAAGCTGCTGTGTGGGGCAGATTTATTGGAGTCCTTTGCTGTTCCCAATTTGTGGAAGAGTGAAGACATCACCCAAATCGTGGCCAACTATGGGCTCATATGTGTTACTCGGGCTGGAAATGATGCTCAGAAGTTTATCTATGAATCGGATGTGCTGTGGAAACACCGGAGCAACATTCACGTGGTGAATGAATGGATCGCTAATGACATCTCATCCACAAAAATCCGGAGAGCCCTCAGAAGGGGCCAGAGCATTCGCTACTTGGTACCAGATCTTGTCCAAGAATACATTGAAAAGCATAATTTGTACAGCTCTGAGAGTGAAGACAGGAATGCTGGGGTCATCCTGGCCCCTTTGCAGAGAAACACTGCAGAAGCTAAGACATAGGAATTCTACAGCATGATATTTCAGACTTCCCATTTGGGGATCTGAAACAATCTGGGAGTTAATAACTGGGGAAAGAAGTTGTGATCTGTTGCCTAAACTAAAGCTTAAAAGTTTAGTAAAAATCGTCTGGGCACAGTGGCTCACGCCTGTAATCCCAGCACTTTGGGAGGCTGAGGCAGGTGGATCACGGGGTCAAGAGATCGAGACCATCCTGGCCAATATGGTGAAACCCCATCTCTACTAAAAATACAAAAATTAGCTGTGTGTGGTGGCACGTGCCTGTAGTCCCAGCTACTTGGGAGGCTGAGGCAGGAGAATCACTTGACCCCAGGTGGTGGAGGTTGCAGTGAGCCAAGATTGCACCATTGCACTCCAGCCTGGCGACAGAGCAAGACTCTGTCTCAAAAAAAAAAAAAAATTTAGTAAAAATCAATGGTAAGCTAAAATAAGTTTTTGTTTGTTTATTTGTTTTTGAGATGGAGTCTCTACTAAAAATACAAAAAATTAGCCAGGCATGGTGCCGCATAACTATAATCCCAGCTACTTGGGAGGCTGAGGCAGGAGAATCGCTTGAACCCGGGAGGCACAGGTTCCAGTGAGCCAAGGTTGTGCCACTGCACTCCAGCCTGGGCAAAAAAGCAAAACTCCATCTCAAAGAGAAAAAAAAAAAAGACCGGGTGTGGTGGCTCACACCTGTAATCCCAGCACTTTGGGAGGCCTAAGTGGGTGGATCACGTGAGGTCAAGAGTTCAAGACCAGCCTGGCCAATATGGTGAAACCCCATCTCTACTAAGAATACAAAAAATTAGCTGAGCATGGTGGTGGGCTCCTGTAGTCCCAGCTACTTGGGAGGCTGAGGCAGGAGAATCGCTTGAACCTGGGAGGCAGAGGTTGCAGTAAGCCAAGATCGTGCCAT
1	10042579	438134	C	CA
1	10292359	291463	C	CAT
1	10316025	1249355	T	TG
1	10327623	220468	T	TA
1	10355102	1241067	A	ATGG
1	10356028	1264466	T	TG
1	10357206	195512	A	AT
1	10363050	1236879	C	CCA
1	10363257	806054	A	AGGTC
1	10384176	1241982	C	CTTGAAA
1	10384711	1227459	C	CT
1	10403350	916761	G	GCA
1	10408837	1222679	A	AT
1	10425063	1241038	C	CA
1	10425063	1252752	C	CAA
1	10425476	694940	A	AC
1	10428279	1225143	C	CA
1	10436892	291586	A	AAC
1	10436892	291587	A	AACAC
1	10436892	291588	A	AACACAC
1	10436924	291593	C	CAT
1	10437995	291609	G	GA
1	10439620	291636	C	CG
1	10440288	291646	T	TA
1	10440763	291658	C	CA
1	10440921	291660	A	AT
1	10441309	291666	T	TG
1	10684512	1134039	A	ACAGGGCCCTC
1	10689763	1008283	G	GGCTCCA
1	10689885	591395	C	CGAGGAGGAT
1	10698968	1243264	A	AGGCCGC
1	10703203	1226111	G	GC
1	10710849	1246830	G	GC
1	10714330	1275444	A	AC
1	11077259	1200318	C	CT
1	11080723	522225	T	TG
1	11080807	1244184	C	CA
1	11082572	641575	C	CTGGAAATAACTCTTA
1	11082586	21471	T	TA
1	11085004	291763	A	ATGTTT
1	11085531	291771	A	AT
1	11170050	1240459	C	CA
1	11172964	1151339	T	TTTG
1	11182171	918028	G	GT
1	11182261	1231015	G	GT
1	11187170	1008160	T	TA
1	11187686	1213781	T	TA
1	11190671	960936	C	CTGGCAGTGGTGG
1	11190679	856110	G	GGTGGTGGCAGTGGCGGCC
1	11190693	843310	C	CGGCCGTGGTGGCGGCAGTGGT
1	11193560	1259585	A	AGTT
1	11205111	698173	G	GA
1	11276126	1178055	A	AT
1	11291407	1097211	C	CCTCAAGCAAAGTAGGGTACTTCCTA
1	11293367	1218310	T	TA
1	11298823	1295249	C	CT
1	11301377	1264652	C	CA
1	11301377	1178071	C	CAA
1	11303241	521046	A	ACTCAGACCTCACAGCCACAGAAAGTAGCCCCAGGGCTTGGAAGGCCGCTGTACGTTCCTTCTCCTT
1	11315903	1295245	C	CA
1	11315903	1268006	C	CAA
1	11317437	1255140	C	CA
1	11319228	1208867	C	CA
1	11347155	291887	C	CTGTT
1	11846092	292153	G	GT
1	11846659	292166	A	ATT
1	11850364	292222	G	GGGTA
1	11850367	292224	T	TAAG
1	11850968	292233	A	AC
