1	874778	769497	GCCTCCCCAGCCACGGTGAGGACCCACCCTGGCATGATCCCCCTCATCA	G
1	874816	1164609	CCCCCTCATCACCTCCCCAGCCACGGTGAGGACCCACCCTGGCATGATCT	C
1	877967	849483	CAGA	C
1	878279	838020	TCGGA	T
1	878318	1016485	AG	A
1	878437	1047402	AGGTGG	A
1	878660	943368	GGGA	G
1	879066	1149558	TCCCC	T
1	879116	1006740	ACTGCTGACGGAGGAGCAC	A
1	879311	961975	TTTC	T
1	879415	1005006	CGGCCACGTCCCCCTATGGAGGG	C
1	899910	1166120	GGTCCGCAGTGGGGCTGCGGGGAGGGGGGCGCGGGTCCGCAGTGGGGCTGTGGGAGGGGTCCGCGC	G
1	949603	915424	TCTGAGCATC	T
1	949770	1055760	TG	T
1	955440	1267828	GC	G
1	955440	1282671	GCC	G
1	976124	474163	CAAG	C
1	976499	1231632	GGGC	G
1	976718	654128	TCCTGCGCCGCG	T
1	976734	574478	CGCCCGCCAGGAGAATGTCTTCAAGAAGTTCGACG	C
1	977058	930633	CGCTCCGGCCAGTGCCAGGGTCGAGGTGAGCGGCTCCCCCGGGGGAGG	C
1	977156	679581	CCGGCCAGTGCCAGGGTCGAGGTGGGCGGCTCCCCCGGGGGAGGGCTG	C
1	977172	1194333	TCGAGG	T
1	977178	1219307	TGGGCGGCTCCCCCGGGGGAGGGCTGCGGCCAGTGCCAGGGTC	T
1	978603	263160	CCT	C
1	980955	1180126	AC	A
1	982945	704137	TG	T
1	984147	1180174	CAAAA	C
1	984147	1261904	CAAAAAAAAAAA	C
1	984171	679293	CAG	C
1	984357	1322937	CAG	C
1	984430	1087402	TGCAGCTCAGGTGGGCGGGGAGGGGACGGGGCCGGG	T
1	984430	541195	TGCAGCTCAGGTGGGCGGGGAGGGGACGGGGCCGGGGCAGCTCAGGTGGGCGGGGAGGGGACGGGCGGGGGAGGGGGGGCCGGG	T
1	984491	1216797	CG	C
1	984493	1232795	GGC	G
1	984494	1279055	GC	G
1	985235	801429	CCGACGCCTCCTGGGACCTCGGTCCCGGTCCCGTCTTCCTCCATCCAGGACCAACCT	C
1	985307	291137	GCCCCTGCCAGCCCAA	G
1	985443	1292619	AG	A
1	990280	967733	CGTG	C
1	1147006	640195	CT	C
1	1147446	1015210	GT	G
1	1167884	996068	AT	A
1	1167974	60497	CGGCGCGCCCTGGAGCGGGAGCA	C
1	1168010	60490	GA	G
1	1168064	60494	GTGCTGGCCA	G
1	1168102	541338	CT	C
1	1168239	60492	CG	C
1	1168262	1312932	GC	G
1	1168308	1061638	GC	G
1	1271514	931592	GCCACGAGTCACATGATGT	G
1	1271878	504195	AC	A
1	1273364	524041	CTGCTGACTCCCGG	C
1	1273372	488046	TC	T
1	1273372	488048	TCCCGGTGCTGCCGCTG	T
1	1273380	208047	CT	C
1	1273403	981467	CG	C
1	1273413	208050	TAGGCAGG	C
1	1273425	208043	AA	G
1	1273433	208049	TG	T
1	1273439	984981	TC	T
1	1273466	208048	AC	A
1	1273472	219223	AG	A
1	1273476	208045	CA	C
1	1273478	208044	GGGGGCAGCCGGGT	G
1	1273487	208046	CG	C
1	1273487	488047	CGGGTGGGGCAGCG	C
1	1273491	520999	TG	T
1	1273523	807594	AG	A
1	1273563	208189	TCTGGCGGGGGAGGGTAGGTGAGGGCCGCGGAGGGGCCTCCGGCGTTCCCCTCCCCCCCGCCCTGAAGCCCGAAGCCCCCACTCAC	T
1	1274660	1307984	CACTTACGTGG	C
1	1276742	1221858	GAC	G
1	1276920	1227921	GCA	G
1	1276930	1277502	GCA	G
1	1277039	376849	CCA	C
1	1277470	1204522	GTGAC	G
1	1278244	1217551	CTG	C
1	1371178	830324	TGGCGCGGAGC	T
1	1372415	830329	TGGCTCCACTGCCCCTGGGCACCGG	T
1	1372483	830325	AC	A
1	1374706	830328	AG	A
1	1447821	503862	CCGCCAAGGCGGCG	C
1	1451466	1196697	AAAG	A
1	1451947	1077177	CACACCTGGCTAATTTTTATATTTTTAGTAGAGTCGGGGTTTCACCATGTTGGCCAGCCTGGTCTTGAACTCCTGACTTCAAGTGATCCACCTGCCTCGGCCTCCCAAAGTGCTGGGATTACAGGCTTGTGCCACTGTGCCTGCCTTGTTTCATATTATTATTTTTTTATAGACAGAGTCTTAGTCTGTCTTCCAGGCCGGTGTGCAGTGGCGTGATCTCAGCTCACCGCAACCTCTACCTCCCGGGTTCAACCTCTTTCCTCAGCCTCCGAGCAGCTGGGACTACAAGAGCCCGCCACCACATCTGGCTAATTTTTGTATTTTTAGTAGAGATGGGGTTTCACCATGTTGTTCAGGCTGGTCTCGAACTACTAACCTCAGTTGATCCACCCACTTTGGCCTCCCAAAGTGCTGGGATTATAAGCGAGAGCCGTCGCACCCGGTCCACTCAGCAGGATTCCTAAAATAAGCATGAGCTCTGCCCTCAGTGCAGTCCAAAAGGGGGTGTCCGGCCTCCCTCCCGGGGGGCCTTCGCGGGCTTCTGCTGGTGCTTCTGTGCCTGTGGGTCTGGATTCCTCCAGGGCCTGATCCTGGGTGCAGATGCGGCTGGAAGCCCTGAGCCTGCTGCACACACTAGTCTGGGCATGGAGTCTCTGCCGTGCCGGAGCCGTGCAGACACAGGAGCGGCTGTCAGGCAGTGCCAGCCCTGAGCAAGTGCCAGCTGGTGAGTGCTGTGCTCTGCAGGAGTATGAGGCCGCCGTGGAGCAGCTCAAGAGCGAGCAGATCCGGGCGCAGGCTGAGGAGAGGAGGAAGACCCTGAGCGAGGAGACCCGGCAGCACCAGGCCGTAAGAGCGCAAGAGGCCGCGAGGGAGGCCGCCCGGCTGCGGGGAGCGGCCTGGGGCAGGACTGGGAGCTGGGTGTGGTCCCGGGGCACTCTGGAGTCAGCCATTAGAGCTGCCCTCGGAACGGCCTTGCACAAACGCCTAAGACCTGTAAGGTCCCTCACTGCTGAGCCGGACGGGAGGTCCCCGCGCCTCCCCACGTTTGTGTGAGGCTGATGGCGCGTCGGAGTCCCCGGCGCTCCGCCCAGTCGGCCCAGACTGCAGCTCCCGGCTGAGATGTGTCTTTGCCGCCCTCTTCTCCCCCAGAGGGCCCAGTATCAAGACAAGCTGGCCCGGCAGCGCTACGAGGACCAACTGAAGCAGCAGGTGAGCTCAGCCTCCCCTGCGAGGCGCCTGCGTCCCTGAGAACGTAGGTGGCTTTGTGGGACCAGTCAGTGGGTCAGAGGCCACGGGGCAAGAACGCTGGGGTTGCTGACGGTGGGTGCTAGAGCAGGGGAAACTACTCGGACAGACACGCACCAGCACACGTGTACAGGCACACATGCAGACGTGTGCACACATGTACATGGAGACACAGGCACCTACCCACACGG	C
1	1452630	592109	GC	G
1	1463149	992490	TC	T
1	1469390	992491	CAGA	C
1	1475888	1327852	CG	C
1	1637084	421783	TTTTC	T
1	1718779	521025	GATC	G
1	1718804	870135	CCT	C
1	1720491	1315578	CCT	C
1	1720602	1318862	ATGT	A
1	1736012	1315577	GGCGT	G
1	1960607	1046050	ACAT	A
1	1961555	846992	CAG	C
1	2160484	37263	GTCCGACCGC	G
1	2160484	39784	GTCCGACCGCTCC	G
1	2160840	463409	AGCTCAGCGAGCGCAGCGTCCGCGTGTACCACGAGTGCTTCGGCAAGTGTAAGGGGCTGCTGGTGCCCGAGCTCTACAGCAGCCCGAGCGCCGCCTGCATCCAGTGCCTGGACTGCCGCCTCATGTACCCGCCGCACAAGTTCGTGGTGCACTCGCACAAGGCCCTGGAGAACCGGACCTGCCACTGGGGCTTCGACTCGGCCAACTGGCGGGCCTACATCCTGCTGAGCCAGGATTACACGGGCAAGGAGGAGCAGGC	A
1	2161001	504022	GC	T
1	2234484	432707	CT	C
1	2235505	520744	TCGGAGG	T
1	2235512	450070	CG	C
1	2235547	1108745	TG	T
1	2235741	846901	CCTT	C
1	2235837	213704	ATGC	A
1	2237462	1025918	CTGGAGTTCCTACGCG	C
1	2237529	1308989	GGAA	G
1	2237561	213705	GAGA	G
1	2238204	222822	GATT	G
1	2238217	1194396	CCGCCGCAGCGCCGCCGACAA	C
1	2337099	1201303	TGA	T
1	2337231	556838	GCTT	G
1	2337953	551349	CCAG	C
1	2338019	555297	CA	C
1	2338019	296273	CAG	C
1	2338038	553074	GCT	G
1	2338173	554630	GC	G
1	2338178	550383	GGT	G
1	2338231	557464	TGCAGCCCCATGG	T
1	2338356	551969	ACT	A
1	2338370	556606	TGA	T
1	2339889	553280	AC	A
1	2339939	631594	GA	G
1	2339983	1071642	CCT	C
1	2339983	1071671	CCTGT	C
1	2339994	1027530	AC	A
1	2339994	1073376	ACGAAGACCGCC	A
1	2340103	1071782	TC	T
1	2340152	235465	CA	C
1	2340153	162431	AG	A
1	2340195	597855	TG	T
1	2340539	1265984	CT	C
1	2341844	1074695	TGA	T
1	2343915	555863	CG	C
1	2343921	554655	GC	G
1	2343937	449304	GC	G
1	2343991	296284	CCA	C
1	2435830	789549	TTCC	T
1	2492946	133416	AG	A
1	2985620	1276988	AGGC	A
1	3102699	569498	CGTT	C
1	3102863	638957	CT	C
1	3289998	599308	GGGAAGTCCCAGGCCGTCGTTGCAGACGTTTCTCAGCAGGTTCAGGCTCAGCGCCCCCACATCCTTGCTTTGACCTAGTCATCTACGCAGCCATGGAAATCCGTCTCTGTGCTTATGAAAAACACCCCTGCAAGGCCACAGAACCAGGCCTGGTCAACCTGGCGTGACAGACTTGATCCACCCCTGGGGTCCCTCCCTGCAGGCAGGACAGACGCGGGACCTGGAGCTTCTCTCCTGGGGGTGCTGGGCAAGCGGGGCTGGGGCATCAGTTCTAGCAGCCTGGCCCCGTGTGGCAAACCCACTCCAGCCTGCACCTCCGTGAGAAAAACAGCAGGGATTGCAGCCAGGAAGGAGCCCAGCCAACGCGTGCTGCCCTCCCTGCCATCCCCACGGGGACACATGGCCGAGCCTGGGACGTCCTGCCAGAAAGCATCCACAGGAAGAAGACAGAGCAGGGAACAGACCCTGTCCTGGCTGCTGGTGTTGACCAGAGCCAACCAAAGCCAACCAGAGCCAACCACGCTGCTTCCATTTGGAGCTCTGGGTGGAGCTTGGCCTGCTTCGGTGTCCTCCTGGAGGCTTGCTGAGTGGGAAAGTGACTGCCACTTTGGATGGAGGTCCCCATACCCTCCTGGAGGGAGTGTGGTATATCGGCCAGCACGAGGCAAACCTCTCAGGAGGGCCAGGGCTGGATCCCGGGGTCCCAGCCGCTGACCGCCAGGGGCCAGGGCCGGCTTTTCATGTTGCTGCTGCTTCCACCCCTGCCCCGAAACCAGCACATCCTCATCAACACAAGACCCTTCTCTGCCCTGCTCTGGGGTCCCCAGATCAAAGCCAGCAGAGCCAGGCAACGGCACCCAGGGCGCCCCCTTGGCAAAGAGCTTTCCACTTGACCATAATGCGGGATCCCTTTAAAAATGACACATCTGTAAGCTGGGATCCCCGTTACAGAAATACAGTTTATACACAACTTTTCAGAGGCGAAACATACCTAAGCTACTCCCAACACGTATGGCAGAGACGGAGGCTCCCTGGACACACGTGTCCCCAGAGGAAGGTCCAAGGACTCCCCCACCGGCCCCGCACAGCAGCCACCTAGCAGCTGGCCTGGGTCTGTGAGGAGGGCCCCTGATGCTCAGCCAAGGGCCCTCTGTGCGACTGTGGCCTTTCTCCTGGGGGCCGCTGTGCACATCTGAGACCCTCCGGAAGGGGGAGGGGGAGCTCTGCAAGCGGAGGCAGAGGCATTCTCTAAGGCAGAGCGCACAGCATAGCCTGTTCACTGGGTGCCCCTCTCCTACTCACTGCAAGGGCTGGTTCGTCCCTTCGGGGGTCCTGAGGACCTCACTAAAGGCTTCCAGAGGGCCAGAGGTGCTTGTACTTCTTGACTATCCGGAAGACCCAGGTACGGCCCCATTCTAAAGAGCAGGTGAGCAGGAGCAGCCAGGCGGGGGAGCAGCAGGCACCCAAGCCACCAGTGGCCCGAAGTGGCCGCCACAGGCACACAGCAGAGAACCTTCGGTGTCCGGGCAGGGCTGAGCACAGGGGTCCTCCAGGACATCTTCAGCAGGTGCCAAAGGCCAGCTCCCAGTTCCTCAGAGCCCACCCCGCCTGCATGTAGCCACAGCCTCCAAGCAGCTGGAAAGCAGAAAAGAGGCTTTCTAGCTCCAAAGGGGGGACACCGAGGCAGGACCCCAGACAACCCCCACACTGTCACGATGAGGATGGTGGGAGATCGGGGCTGGGAGGGCCTGTGTGACTCAGAGGTCAGTCTCTGAAGCACCCTAGAGGGAGGGGCCCAAGCCCTGCTGGTACTCCCCCCAGGACATGGTGCTCCCCACTGTGTCCACCCACCGGCTGCCGAGCCCAAGGTTTCGACAGACCCTGCTCTTTCCACGCACTGCCAATCACCTCTAGGCGTTCTGTGTTTCATGAGCCTGTATCTCAACCCTTCATTTCACTAAAGATGCAAGAACCTGGGTCTGAGTCACCAGTGTGCTCCTTTATTTCTGACGGTCAGGGCTGCAGCCCATGGCTCACAAGCCAAACCTCAGAGGTGCCACGAAGGACGAGCCACATGCCAGAGAGGAAGCCCAGCCCCCAACACCCCCAGGCTGCTGGGAGAGCAGTGACGGGGCCGAGTTTGGGGACATACCAGGAGCACGCCATGTGCAGGTTGCAGGAAGGGGCAGGGACCACTCCTGTGGCAGGGGGCACAGCACAGCCTCAAGGCCCGGGCTTGTGTGGCCCCTGTCCTCCACTGGTGTGAGATCAGGATGCATAAGTCCCACCCCAGGGGACCTTGAGAAGCTTGGGCACTGCGCACGGTCAGATGGAAACTCCTCTTTGCTTCCCTGTCTCAACCAAAGTTTTCTTCAATGTTCATAGACGCTGCTGGGAGGTCGCTCCCCACCCAAGTGAAGACCCTGCCCAAAGAATAAAGAAAATAGGAATAGGAAGGAAGGGGAGGAGGGAACGAAGGAGAGAGAGAGAACTAAGGGGAAACTCCACAGCAGAGATGGCAGAACTCCGGAACCTGGGCTGTGGGCTGGCTGCCGAGGGCTGTGCGCTCCCTCAGAGCTCCACGGCATCTGGGGTCCAGGTGCTTTGGGGGAGATGGTCAGTGCACCCCAGGAGCGCCACAGCATCCCGGTGTCTTGGTGTTTAGGGGGAGATGATCTGTGAGCCTCCATGTTTGCAGGGCATCTGGGTGACTGGAGCTTTTGAAGGGAGAGGGTCTGTGACCCCTGGGGGCTTCCACATGGCATTTGGGGTGTCTCCGTGATTTCTGGTCTGTGGCTTTTACTAGATTTTCGAAGGTGTCTGTGGCCCCAAGAGGCTACAAAGTGTGGAATTTGGTGACTCTTTTTCTAGCGCGTTGCATTCCTCAGATCTGCCCAGCACTGACACAAAAGCAGAGCCCCCCAGGCGTGGACTCCACGTGTCCCGGGCCTTCTTCTGCCCTCAGAGTCCCACTGGGTCACAGGGTCCTCTTGCTGCATCTGAATTCTGGGCCATGCTCTTGGGGCTGTCTGAGACCCTGGGACCCTGGCCCTCATCTCTCCCCCAGCACGCCCCACTGCCTGAGAACCATCCAGTGAGACCACAGTCAGGCGGGAGCTAAGAGCCACAGCCCCCTCCAGCTTCTTCCAGAGACAAGCCCCAGACAGCCCACCCTTGCTCTCTGTCTCTCTCTGCGAGTTTAGGAGAGAGGCTGGCTTCCATCTTGGAGGAATGGCTGCCAAGAGTTGCCTGTTTCTCCAAGCAGCAGCCTCTCTCTCTCTCTCTCCCCTCACTCTTCCCCCACCCCAACCCTCCCATCCTCCTTCGTTTCCTCTCCTCCCACCTCCCTCTCAGCCTAAGCAGGTGGGCCCCAGGCTTGCTGACCGCCGACCAGGCCTCCTGTGTCCCTGGCCGTGGTGTGGCCCCATCCCACCAGCCACATTTCTCATTAGCACTGGGTCCCATCACCACCCAGCCCCCTATTGGGCATCAGGATGGGGATTTATGAGCTCACCTAGGCTCTGTGTTCACACCGGACCGAGGTGTTTCCAGAACGCCTTTCCCCCACCTCCTTCCATCACAAGAATGGGCTTTCTGTTTCGGCTACTCGTGGACACCATCAATTGTGACCATTGTGTGTGCGCACGTGTGCGCATGTGCCTATGACAGCCCCATAGCCAGGGCTTCTTACTCTGAATCAGCTCATGGGTCCTTAAAGAAGGGGGTCAGGGTAAGGAGACCCTCTCCCCCGGCTCCCGCCAGCTCCTGGCTGTCAGAGGTGGACTCCATGGCCATGGGCTTCTGGGGAGCCTCCTGGCAGCAGCAGGAGACGGGACCGAGAGGGCAGCGTCCCAGGGCTCCTCTCCTCCCTGCATGCTCAGAATCCACTAGGCAAGCTGATGATGGATGCTGCGGCGTTCCCACCTGCACGCACACCCTGGACGGGGCCGGCGGCTGGCCATGCCCACTGAACCTGGAGGACCAGCCCAGAAGAGAGCCCACAAATTAGAAGTGCAGGAAACCTCAAATTATATGCAAAAAATGTAAAGGTTAAGAGAAATTTTCCCCCACTTCACTTGGTAACTCAGCATTTCTGATGGGGTTGATTTATGAGCTGGGGGAGCTGCCCGGCGCCGGGGAGTGGGAGACAGTGGACAGGAGGGCAGTTTCCTTTGGAGGTCCTAGGACTCCTGAGGCTCACCCCCAAACAACTCAAAGCCAGGCGTTTAAGCAGCGATCAGGCAGGGAACTGGATTCCAGATCTGGAGAGAGACACAGCCCAGTGGCCATGGTGGCCTCCAGATCACTACCTGCTAAAGCCGGCCGTGTGGAGACGTGGGCTGGGCCGCTCCTTCCCTCTGTGGCTCCCTCCTGTGTTCATTGATCACGCGCAAACAGAAGCGAGCAGTGAGCCCGGGTTGGTCACTTGCATGCATCTGTTCGTTCGTCTACCCACTTCTTATCTGTACTGGCCTCCTATGTCACGGAGAACATCCCAGGCCTCAGGCCTGCCCCGAGAGACTCCCAGAGGGCCTTGGAGGTGTCAGGGCTAGAAGACTTCACACCAAAACAGGCCCGGCTCCCAGACGTGGCTGGATGTAGCACGCACCCAGGTTGGAAAGGCTGGGCTCGCGCCCTAGGGCAGGCGGAGACATCGCCTTTGGCACAGATCCTTGGCGCTGTCCCCACCTGGTACAGTAAGGAGCCTGTGTTCAGGTGCACATGGCTGCGACCTTGGACACCACCTCCCTGAGTGTTCCTGTTGCCAGTGTTTCTTCCACCGATCCCTGATTTCCAGGAGCATCCAGAGCCCAGGGAGGCCCTGGTCAGATGCAACTTGGGCAGCCGGAGGGCCACCAAGCTGGGGAGTGGTGGCCTCTCTCTGTCCTTGTGGGTGCTGGCAAGTCTCATGCCAAGGGAAGCAGGGACCGGGACCTGGGACTGCCCAGGCCTGCTTTGTGGATTCCAGAGGACGTGAAATCTTGTGGCTCCCAGAACAGGGCTCGGGGACCCTCCCTCTGGTCCTTGAGTCGGCCCTGGAGAGCACACGGGGCAGCCATGGCACAGCTCTGGAGTCCGGCAGCCTGGGCTGGGAGCTGGCCCTGTCTCCAGGGGCCTCCATCTCCTCTTCTACAAAATGTACCATGGGGCAGCAACACCGTACCCACCTCATAGGCCCGCGGCGATGAGCGAGGGGCCTCGACAGCACCCTGCATGGCCCTGAGTGCACAGAGACCCTGGGGAGGAAGGCGAGAGAGGACAGGAAAGGTGGCAGGAGGAGGCAGCGGTCAGGGCAGCACCTGCCCTTTCTGGAATCAGAGACAGTACAGGCCCAAGAAGCCAGGCCTGAGCCTCCACCTGCCTGGCCAGAACCACGGCCCAGGGCCACTTCAGGAGCATTTCTCTGATCTGAGACAGAAAAGCAGTGGCTTCTGAAGTTCTGTCCAAGCTCCTCCTCCATCTGCTCCCTCCTTCAGGAGTTCCCAGATGGGTCCAGCAGGACCCCAGCAGGGCTGGACCCTCCATGCTGGGACAGGCAGCCAGATGTGGTCAGGCATCTCAGGGGAGACCCCACACCTGACTGTGATAGCAGACACAGGCCTGGCCCCTCCCAGCGCGCCCTTCCTGGTGCACCCTCCCCAACACACCCCCTCCCGGTGCACCCCTCCCGGTGCACCCCCCCAACTCACCCCTCCCAACACACCCCTCCCAGCACACCCCTCCCAGCACACCCCTCCCAAAACACCCCTCCCAACACACCCCTCCCAGCACACCTCTCCCAGCACACCCCTCCCAACACACTCATCCCAACACAGTCCTCCCAGCACACCCCTCCCAACACACCCCTCCCAACACACCCCTCCCAGCACACCCCTCCCAACACACCCCTCCCAGCACACCCCTCCCAGCACACCTCTCCCAACACACCCCTCCCAGCACACCCCTCCCAACACACCCCTCCCAGCACACCCCTCCCAGCACACCCCTCCCAACACACCCCTCCCAGCACACCCCTCCCAACACACCCCTCCCAACACACTCATCCCAACACAGCCCTCCCAGCACACCCCTCCCAGCACACCCATCCCAACACAGTCCTCCCAGCACACCCCTCCCAACACACCCCTCCCAGCACACCCCTCCCAACACACCCCTCCCAGCACACCCCTCCCAGCACACCCCTCCCAGCACACCCCTCCCAACACACTCATCCCAACACAGCCCTCCCAGCACACCCCTCCCAGCACACCCATCCCAACACAGTCCTCCCAGCACACCCCTCCCAACACACCCATCCCAACACAGTCCTCCCAGCACACCCCTCCCAACACACCCCTCCCAACACACCCCTCCCAGCACACCCCTCCCAGCACACCCCTCCCAACACACCCCTCCCAACACAGCCCTCCCAGCACACCCCTCCCAGCACACCCCTCCCAACACACCCCTCCCAGCACACCCCTCCCAACACACCCCTCCCAGCACACCCCTCCCAGCACACCCCTCCCAACACACCCCTCCCAACACACCCCTCCCAACACACTCATCCCAACACAGCCCTCCCAGCACACCCCTCCCAGTGCAATCCCTCACCATGCACCCCTCCCAACACATTCATCCCAACACAGCCCTCCCAACACACCCCTCCTGGCGCACCCCCTCCCAACACATCCCCTCCCCGTGCACCCTCTCCTAACATGCCCCTCCCGGTGCATGCCCTTCCGGCACACCCTTCTCAGCGCACTCATTGCTGGTTCAGGGCCCTCAGACCAGGGCTTCTCCTGGCTCTCCTGGAGGAAGGGTTAGCGCCCACCTGGCCCCCCTCAGAGGTGCCCCTCTGTGGAAGGAAGGAGTTAACCAAGACCTCCTCAGTCACCCCAGGGGGCCCACCAGGCAGAGGGGAAGCTCCTCCCTTTAGGGGCCACCAGGTGTAACTCCCACCCTGTGACTATTAAATTGGTCAGGGGTTGGGGACCCGGCCTCCGGGGACAAGGAGAAAT	G
1	3313031	422807	TTCTC	T
1	3319481	1053407	TCAAGCCCGAGGGCCTTGGCGGTGGCAGCGGC	T
1	3319503	377306	TG	T
1	3319570	406244	GCCCTCCTCTGAGTCTTCCTCCCCTTCCCGTA	G
1	3319601	1297366	ACCCTCCTCTGAGTCTTCCTCCCCTTCCCGTG	A
1	3328001	1008919	CG	C
1	3328219	426516	CG	C
1	3328660	576741	TGACAAG	T
1	3328748	524100	GC	G
1	3328873	850060	TG	T
1	3342785	503929	AAACGGT	A
1	3347504	541379	TGGA	T
1	3347517	474428	CGACGATGACCTGGAGGAG	C
1	3348280	1219589	GC	G
1	3348633	581420	AAAG	A
1	3350094	674730	CTGGGATGG	C
1	3350103	674847	CCCGCCCTGCCCACGCGCTCACCTGCCTGTCT	C
1	3350103	1249802	CCCGCCCTGCCCACGCGCTCACCTGCCTGTCTGGGATGGCCCGCCCTGCCCACGCGCTCACCTGCCTGTCT	C
1	3350133	1207372	CTGGGATGG	C
1	3647603	1192321	CT	C
1	3691997	50826	AGTCAGCCTAGGGGCTGT	A
1	3732253	1278115	AT	A
1	3742824	1202031	TTA	T
1	3747340	1227865	CA	C
1	3747340	1233483	CAA	C
1	3750215	1278007	AC	A
1	3751728	1192001	GT	G
1	3752868	1215391	CA	C
1	3752868	1281874	CAA	C
1	3752868	1252191	CAAA	C
1	3753883	542193	AGGGAGTAACG	A
1	3763951	1223298	GA	G
1	3764163	800522	CAG	C
1	3768882	812756	AG	A
1	3768922	434718	TC	T
1	5924052	594761	GACACCCT	G
1	5924454	562365	GGTGGCAATCC	G
1	5926458	595319	TG	T
1	5926536	260558	AG	A
1	5926581	1252424	TA	T
1	5927157	1030411	AG	T
1	5927859	598365	TGATA	T
1	5933354	3403	CA	C
1	5934678	1068634	AC	A
1	5934920	1099540	CACT	C
1	5935118	591069	CCT	C
1	5947470	1038921	CACG	C
1	5947485	1075841	GTGGGA	G
1	5947503	988265	CG	C
1	5964820	988262	TAC	T
1	5965414	562366	CTGAG	C
1	5965515	225422	TGGAG	T
1	5965709	501861	CACA	C
1	5967199	956880	GCC	G
1	5993237	1073618	CT	C
1	5993397	501849	TAAAAC	T
1	6007934	1276685	GA	G
1	6008233	531622	AGCCCAGACCATTGTGCAC	G
1	6008280	943026	TCCAGGGCA	T
1	6012792	1297093	GCAGCTCTT	G
1	6029086	1273587	CA	C
1	6038416	501697	CATCA	C
1	6038476	220231	AG	A
1	6046206	1067391	TTTTGTTACC	T
1	6046288	1068961	GCT	G
1	6142341	767645	GTCTTT	G
1	6500059	1289722	ACTT	A
1	6500590	1217526	CG	C
1	6506009	1327712	AC	A
1	6509021	508596	GCCACCGCCGCCC	G
1	6509106	1331614	GCTGGCCCTGGCTGCGGGCAGC	T
1	6509130	1186589	CGCT	C
1	6511734	4419	AAGAG	A
1	6511910	1299307	TTC	T
1	6512262	1223408	CT	C
1	6517283	560535	TGGAGGCGGGACCTCCTGC	T
1	6520107	4418	ACAGT	A
1	6520136	562076	AC	A
1	6520178	4423	TGAA	T
1	6526202	297905	CCGTGCTCT	C
1	6526240	297906	GCGCC	G
1	6526857	297922	TA	T
1	6526872	297924	AG	A
1	6527637	1013640	AGGGTGGGGAGGG	A
1	6528134	297934	TGAG	T
1	6528528	468906	TGA	T
1	6529182	194979	TTCC	T
1	6529182	194977	TTCCTCC	T
1	6529182	514904	TTCCTCCTCCTCCTCCTCC	T
1	6529186	1166516	TC	T
1	6529188	468903	CTCC	T
1	6529693	817240	GT	G
1	6530307	859523	TC	T
1	6530633	623667	AGCCGCTGCCGCTCCT	A
1	6530883	855821	TGG	T
1	6530897	950561	CAT	C
1	6531025	421474	CCGCCCACGGCACGCG	C
1	6532664	835966	AC	A
1	6533106	969731	ATCCTCGTCTTCATCGTACTCC	A
1	6533115	618329	TTCA	T
1	6533325	845778	TGG	T
1	6534091	1036780	CCGG	C
1	6534120	663141	GGGCGGGGGGCCCGGTCCCAGCTGGCCGCAGAATCGGCAAACTCAGGGACTTGGAGTCCTTCATGCCCTGCTCCACCTTGCCCTCATCTCCA	G
1	6535114	567494	ACTT	A
1	6535254	1186799	GCCCTCCTCCCCACCCTCCTTCCCACCCTCCTTCCCAA	G
1	6536081	549691	CG	C
1	6537568	297976	GCGGCTCC	G
1	6537593	60777	TG	T
1	6546037	1295433	AC	A
1	6550536	1181075	GTCTAAGGC	G
1	6580221	1191438	CAT	C
1	6885213	1342305	ATGTC	A
1	7151374	982402	CTTAT	C
1	7309608	1333982	TG	T
1	7309667	521550	TC	T
1	7682000	599309	CGTCTTCTCTGGGTGACCTCGTGTGACCTTGCAATCCCGTCAAGTCTTTGGTTCTGCAGAAACAACTGTCAGATCGGGAGTTAGTCACCTCCAAAGACAGAAACCAAAAACCAAAACAGTGACCTTGTTCTTTCTGTTCATGACCCTGGAGGTATGGGGGGAGGAGGAGGAAGCGGAGATTGGTTTTGCTCGTTAACTCATTATCAGTGACTGAGCGGCTACTCATGGCTGGGAACTTGTTGGGTGCCCTCCATTACACTTCCCTTAATCCTCTCAATGGCTTTTGATATCCTCAGGTAGATGGGAGGATCCCCATTTTACCTGGGAGGGATACAAGGCCAAGAGGGGTTAAGTAACTTGCCCAAGATCACACAGCGTTTGAAGTGGCCAAGGTGAAATTTGATCTAACTTCCACTTGGATGTGTGATTCCACTCCACATCCAAGTTCTTTCCATCATCTGGCTGCAGGCAAGATAACAGATTGGTGTATTCTTTCTATCTTATTTGAATTCCAAAGTTAGTATCCGCTATTGAAAACAGCTGACTTCATTATAACCCATCATTGACTCCTTTCTTTAACAAATAACCAGCAAAACAGAGCGTTCTTTCGGAGTAAGCCTTCCACCACCTGAACTTTGACAACTTTCTCCCTAATGGGTTTCTCCCTGTGAGTATTTGATCTTGGCCACCAGCATGAGCCTATCCTGGTGATCTCAAAATGCTGAGGTTTTTCTTCTGTTAAGAGATTGAATCTTCTGTTCCATGTGGAGGCTTATTCAACATTAAAGCGTTCCTGAACCATTTCATTTATTCAACAAATATTTTCCAAGCCCAGCTCTGGGCCAGATGCCAGGCTCAAGGCTTAGCAAGCCAGACAGATGTGGAGCCGCCATCATGGAACTCGGCCCTCACAGGCCATTGTCCTTGGCTTTCCAGACTGAACCTCTGTGCTTTCTTGTTTCACGGCTGTTTTCCTGAATGCTCCCTGTGAGCCCGAGTCTGTCCTGAGGTCTTCGTCCCTATTCCCTGTGCCTGAATCCTTTCCTCTCCCAGAGCTCCCCACAGCTGGCTTCTTTTTATCATCTCAGATACAGCTGAAGGTTCCATCCTCAGAGGCCTTCTCAAGCTCGCTGGCTAAATTCTCCACCCACCCCCATTTTTTATGCTCATACCACTTCATGCCATCCAGAACCACCTTATTCTTTATTCCAATGTTTATAGCTCGTCTCTTCCATGCTCTTTGAGGGCAGAGTCTTAGACTTGGTCACAGTAGACCCCAAATGTAGGCCAGTCCCTGGTATCTTGTGGTTCTTGAGAGCTAATCTGTTGAATGAATGAATGAATGAATGAATGAGGGAATTAATGAACACCCTGCAAAGCAAGTGCCACAGTTACCCCTACTCTATAGAAGAGGCAGCTGTTCCTCTAAAAGGCTGAGAATCCCACCTCAGAGCTACCTGCAGGAGAGTGGGTGAGCTGGGACCCCAGTCATTTCAGGTTAACTGAAGGGAAAGCCTGACTTCCCATCAGCTCCACACACTGAGTCCTTTCTCCTAGAAATGAAGGAAACACAAAGAAGTCACTAAGAAGGCACCTCGCCCTCAAGCATCTGAAACCCTCAGTTGGAAATTTGACTGCAACCTCTGCCTCCTGGGTTCAAGGGATTCTCCTGCCTCAGCCCCCCAAGTAGCTGGGACTACAGGCATGCGCCACCACACCCAGCTAATTCTGTATTTTCAGGAGAGATGGGATTTCACCATGTTGGCCAGGCTGGTCTCAAACTCCTGACCTCAGGTGTTCCGCCCGCCTCGGCCTCCCGAGGTGCTGGGATTACAGAAGCTCTTTTTCAACATTGCCTTTTAGATCCCCTTTCCCATCAGCTTCCTCCAAAGGAGCTGCTGGCTTGATTTACCTGCAGCCACCGCAATTAATTGCTGTCCCCTGGTAGCTAACATCTCTTAACAGCTCCATAGCAACAGTGGTTTCCAAATGCCAGAAAGTGTTTTTTCCAAGGGGACTCTATCCTCGACGCAAAATAGAACATTTTGAGTGAAATTTAAACACAGTTTTTGAACGGTGCTGTTCTGATTTCTTCACACTTCACAAATGCTTTCTTTGCAAACATGGGTGTCCCAGTTACCCTGGGCTGGTGCCAAGGCCCTCAGCCCAGCTTCTGTTTTCTCAGCTTCAAGGCAGCCGTGGTAAGACCTAAAAACAAACAGGGAGCGAGTGCTGTGGGTCTCCCCGCTAAGGGGTTGCCTTGCGCCTGTGCAGAGATGAGGACCACAGTTTGTCTCCCACACCAGCTGTGATCAATTGGTGATGACAACGCAGAACCCTGCCTATGCGATTTCTGGGACCCCATCTGAGCTTAGTGGGAAAGAGTGCCATCCGCCATGGTTCCAGTGCAGAATTCCAAGGGCCAAGATGGGGAGTAGGGATTTGTGTATGAGTGGTTGGTTGGAACAAATCATCCTGGTATACCACTGCTCCCACAGGTGGAAACAGAGAAACTGGGTTAAAATGAAGACTCCAGTAAATTCGCATGCAGAAGTACCCAGAAAGGCCCTTGCCATGTCCTTCACTCTGCCTTGGTGAAGGTGGAAGAGATGAAGGGAGAGGGTGATGGGTGGGTGGTGGGTGTGCTGGCCACCGACTGGCACAGCCCCCAGCACAGGGGCTGTCTCTAGTGACCGATCCAGGATGAGTGTCCCCATTCAGATGCAGTCAACCCACCACTGATTCAACCAACACTTGCTGACTGCCTATCAGGGAATACATTTCCTTCTGATGCACACTCTGCTCTCAGGAAGTCTGGGGTCCAGAGAGGGAATGGAGGTGCCAGCCAGCCTGAAGATCAGTGGAAAGAGTGAGGCTGGCTGATGCTGCAGGAGAGACACAGAGGACTGTCAGGGGAGTCCCAAAGGGAATGAAATTATTTTGGTTGGAAGGATAAAGGGAGGCTGGAAGGACAGTGTGACGTTGGATCTGGGTCTTGACA	C
1	7700436	932045	TGCCA	T
1	7700574	426685	TG	T
1	7721920	559860	AG	A
1	7723406	235450	TC	T
1	7723444	422992	CA	C
1	7723488	280872	CA	C
1	7723898	872691	CTCG	C
1	7724520	937955	CTG	C
1	7724635	719699	GTTCCAGGCCAAC	G
1	7724964	1305864	GCAGCAGCACCATCTATGGGCACCAGCTGGTGTCGGGGGA	G
1	7725050	524037	AC	A
1	7737747	916056	TCTGCCCACGCTCC	T
1	7797552	976737	ATGGCCCAG	A
1	7798458	817198	CAG	C
1	7804921	658467	CA	C
1	7858687	623670	ACCTTG	A
1	7889972	767649	GAGAATCCATCCCATCCTACTGCCAGCGCTCTGTCCACAGGATCGCCTCCCATGA	G
1	8021910	1246972	GGTGCTGGACGGTGTCCCT	G
1	8022772	1289619	CAG	C
1	8022800	1234017	CT	C
1	8022800	1229912	CTT	C
1	8025481	447914	AAG	A
1	8029500	1267386	TG	T
1	8029500	1206686	TGG	T
1	8029644	1238776	CT	C
1	8029644	1183743	CTT	C
1	8038045	1261801	CTT	C
1	8038045	1253087	CTTT	C
1	8038045	1287117	CTTTTTTTTTT	C
1	8044696	1261949	TAA	T
1	8045014	987356	GGCC	G
1	8418655	591615	TCTCCCGCTCTCGGATCTCCCGCTCCCGGAG	T
1	8418665	1041841	TCGGATCTCCCGCTCC	T
1	8418680	1298403	CCGGAGCTCCCGCTCG	C
1	8419842	731536	GCGCTCC	G
1	8419842	782354	GCGCTCCCGCTCT	G
1	8419868	715993	GCTCCTT	G
1	8421106	710188	AGGGATGCGGCGG	A
1	8421280	450649	TG	T
1	8421918	520976	AG	A
1	8422843	1219017	GGTG	C
1	8424171	1031177	TCTTC	T
1	8616599	988268	TG	T
1	9098447	1248915	CA	C
1	9117351	1260608	TA	T
1	9304978	402919	CCCCAGGCA	C
1	9305316	31587	AC	A
1	9775692	541084	CAG	C
1	9780930	1064710	TG	T
1	9781176	636918	TC	T
1	9782391	503831	GCAT	G
1	9782569	948860	ACCGGCCGGTGGCACAGACCT	A
1	9783313	1064711	GAT	G
1	10041150	871050	GA	G
1	10270715	1224051	GCC	G
1	10292359	1251192	CAT	C
1	10318543	260541	CTT	C
1	10327396	1280971	AT	A
1	10327426	281657	AT	A
1	10332288	1096765	ATTTAT	A
1	10335473	291501	TTTCC	T
1	10335491	1061374	AAAG	A
1	10338038	291510	AT	A
1	10339209	917112	CAT	C
1	10342595	658372	AG	A
1	10357035	917339	CCTT	C
1	10357206	917114	AT	A
1	10357206	195513	ATT	A
1	10380175	1042932	GGAGGAAGAA	G
1	10394622	565477	TC	T
1	10399811	291568	TA	T
1	10402009	1251637	CA	C
1	10425117	1260773	AT	A
1	10425148	1008961	CTT	C
1	10436892	291589	AAC	A
1	10436892	291590	AACAC	A
1	10436892	291591	AACACAC	A
1	10436920	291592	CACACAT	C
1	10437097	291598	TTC	T
1	10689724	856265	ACGT	A
1	10689926	1055691	AGGAGGACTGCCTGGGGGTGCAGAG	A
1	10690797	291688	AC	A
1	10699140	1225114	CTCGTCG	C
1	10699143	774786	GTCGTCGTCGTCC	G
1	10699188	787205	GTCGTCC	G
1	10713654	1175188	GAGGCTGGGGGTGCCCAC	G
1	10718731	1246569	CCTCTG	C
1	11073507	1237929	TCA	T
1	11073760	291733	CTT	C
1	11077259	1238512	CT	C
1	11080807	1283048	CA	C
1	11082054	1221094	AG	A
1	11083212	291745	CA	C
1	11084305	291753	ATTTG	A
1	11084333	291755	AT	A
1	11085247	291767	GC	G
1	11170050	1211209	CA	C
1	11172933	931361	AATCCGT	A
1	11181841	1199871	ATT	A
1	11187092	1194968	CG	C
1	11187810	1307368	TTCATGCCACATC	T
1	11188100	662001	CAT	C
1	11189803	863741	AT	A
1	11190594	1038505	CCTT	C
1	11190654	1175730	TGTTGCTGCCCTC	T
1	11190676	840433	AGTGGTGGTGGCAGTGGCGGCC	A
1	11190697	414898	CGTGGTGGCGGCA	C
1	11190751	794552	TTTC	T
1	11190759	1025762	TCTC	T
1	11194117	1259341	TA	T
1	11194117	1243255	TAA	T
1	11199126	1250335	CAT	C
1	11199492	1059632	CCTTAAAAATAAGAGAAA	C
1	11209840	1191451	TCTGCTG	T
1	11217263	1308319	TC	T
1	11264577	1078788	TCTATGTGCTGATCTTCTCCACCCGCCCTGACACA	T
1	11264612	645755	CTA	C
1	11264938	1191712	AC	A
1	11269518	833609	ACAACCAAAGAT	A
1	11294191	1101121	TTG	T
1	11300363	1331592	CA	C
1	11300430	1212844	GGTC	G
1	11301377	1295250	CA	C
1	11301739	661340	CTG	C
1	11308161	1235116	TGAG	T
1	11315903	1257030	CA	C
1	11317226	1106511	CAA	C
1	11318555	1339561	GC	G
1	11346406	291873	CAGA	C
1	11346652	291877	CAG	C
1	11347985	291907	CA	C
1	11348001	291908	AAAAG	A
1	11846659	292164	ATTTT	A
1	11846659	292165	ATTTTTTTT	A
1	11846675	292167	TTTTG	T
1	11848260	292196	CCTT	C
1	11850034	292218	CA	C
1	11850562	292225	CA	C
1	11850957	1042278	TACACACACATACCCCCGCAC	T
